<?xml version="1.0" encoding="utf-8"?>

<!DOCTYPE install SYSTEM "http://dev.joomla.org/xml/1.5/component-install.dtd">

<install type="component" version="1.5" method="upgrade">
    <name>
        servicios
    </name>
    <creationDate>
        Febrero 2011
    </creationDate>
    <author>
        Javier García San Juan
    </author>
    <copyright>
        This component is released under the GNU/GPL License
    </copyright>
    <authorEmail>jgarcia@bombers.dva.gva.es</authorEmail>
	
    <version>
        1.0
    </version>
    <administration>
        <menu>
             servicios
        </menu>
        <files folder="admin">
        	<filename>admin.servicios.php</filename>
            <filename>controller.php</filename>
			<filename>config.xml</filename>
            <folder>models</folder>
            <folder>tables</folder>
            <folder>views</folder>
			<folder>images</folder>
			<folder>helpers</folder>
        </files>
        <languages folder="admin">
			<language tag="es-ES">es-ES.com_servicios.ini</language>
			<language tag="val-ES">val-ES.com_servicios.ini</language>
        </languages>
    </administration>
	<params>
			<param name="limit_items" default="7" />
			<param name="unit_side" default="1" />
			<param name="smallth_width" default="56"/>
			<param name="smallth_height" default="32"/>
			<param name="th_width" default="270"/>
			<param name="th_height" default="180" />
			<param name="show_footer" default="1" />
		</params>
	<files folder="site">
		<filename>index.html</filename>
		<filename>servicios.php</filename>
		<filename>controller.php</filename>
		<filename>router.php</filename>
		<folder>views</folder>
		<folder>models</folder>
		<folder>images</folder>
		<folder>files</folder>
		<folder>helpers</folder>
		<folder>icons</folder>
	</files>
	<languages folder="site">
		<language tag="es-ES">es-ES.com_servicios.ini</language>
		<language tag="val-ES">val-ES.com_servicios.ini</language>
	</languages>
	<install>
        <queries>
<query>
CREATE TABLE IF NOT EXISTS `jos_avisos` (
  `Id` int(3) NOT NULL AUTO_INCREMENT,
  `Fecha` date NOT NULL,
  `TextoAviso` text COLLATE utf8_spanish_ci NOT NULL,
  `IdServicio` int(11) NOT NULL,
  `FechaFinAviso` date NOT NULL,
  PRIMARY KEY (`Id`)
) ENGINE=MyISAM  DEFAULT CHARSET=utf8 COLLATE=utf8_spanish_ci AUTO_INCREMENT=3 ;
</query>	
<query>
CREATE TABLE IF NOT EXISTS `jos_categorias` (
  `id` int(3) NOT NULL AUTO_INCREMENT,
  `nombre_es` varchar(50) COLLATE utf8_spanish_ci DEFAULT NULL,
  `nombre_val` varchar(50) COLLATE utf8_spanish_ci DEFAULT NULL,
  `parent_id` int(11) NOT NULL,
  `published` int(11) NOT NULL,
  PRIMARY KEY (`id`)
) ENGINE=MyISAM  DEFAULT CHARSET=utf8 COLLATE=utf8_spanish_ci AUTO_INCREMENT=19 ;
</query>
<query>
CREATE TABLE IF NOT EXISTS `jos_creador` (
  `id` int(3) NOT NULL AUTO_INCREMENT,
  `nombre` varchar(50) CHARACTER SET utf8 COLLATE utf8_spanish_ci NOT NULL,
  PRIMARY KEY (`id`)
) ENGINE=MyISAM  DEFAULT CHARSET=utf8 AUTO_INCREMENT=5 ;
</query>
<query>
CREATE TABLE IF NOT EXISTS `jos_dependencias` (
  `idDependencias` int(11) NOT NULL AUTO_INCREMENT,
  `IdServHijo` int(3) NOT NULL,
  `IdServPadre` int(3) NOT NULL,
  `descripcion` varchar(255) COLLATE utf8_spanish_ci DEFAULT NULL,
  PRIMARY KEY (`idDependencias`)
) ENGINE=MyISAM  DEFAULT CHARSET=utf8 COLLATE=utf8_spanish_ci AUTO_INCREMENT=84 ;
</query>
<query>
CREATE TABLE IF NOT EXISTS `jos_documentosAsociados` (
  `IdDocumentos` int(11) NOT NULL AUTO_INCREMENT,
  `IdDoc` int(3) NOT NULL,
  `Version` int(3) NOT NULL,
  `Fecha` date NOT NULL,
  `RutaDoc_es` text COLLATE utf8_spanish_ci NOT NULL,
  `RutaDoc_val` text COLLATE utf8_spanish_ci NOT NULL,
  `TipoDoc` varchar(50) COLLATE utf8_spanish_ci NOT NULL,
  `IdServicio` int(3) NOT NULL,
  PRIMARY KEY (`IdDocumentos`)
) ENGINE=MyISAM  DEFAULT CHARSET=utf8 COLLATE=utf8_spanish_ci AUTO_INCREMENT=9 ;
</query>
<query>
CREATE TABLE IF NOT EXISTS `jos_hardware` (
  `Id` int(3) NOT NULL AUTO_INCREMENT,
  `NumCPV` int(4) NOT NULL,
  `MarcaModelo` varchar(50) COLLATE utf8_spanish_ci NOT NULL,
  PRIMARY KEY (`Id`),
  UNIQUE KEY `Id` (`Id`,`NumCPV`)
) ENGINE=MyISAM  DEFAULT CHARSET=utf8 COLLATE=utf8_spanish_ci AUTO_INCREMENT=6 ;
</query>
<query>

CREATE TABLE IF NOT EXISTS `jos_hardwareServicio` (
  `IdHardware` int(11) NOT NULL AUTO_INCREMENT,
  `IdHw` int(11) NOT NULL,
  `IdServicio` int(11) NOT NULL,
  PRIMARY KEY (`IdHardware`)
) ENGINE=MyISAM  DEFAULT CHARSET=utf8 COLLATE=utf8_spanish_ci AUTO_INCREMENT=6 ;

</query>
<query>

CREATE TABLE IF NOT EXISTS `jos_host` (
  `Id` int(3) NOT NULL AUTO_INCREMENT,
  `NombreDns` varchar(50) COLLATE utf8_spanish_ci NOT NULL,
  `IdHw` varchar(50) COLLATE utf8_spanish_ci NOT NULL,
  PRIMARY KEY (`Id`)
) ENGINE=MyISAM  DEFAULT CHARSET=utf8 COLLATE=utf8_spanish_ci AUTO_INCREMENT=3 ;
</query>
<query>

CREATE TABLE IF NOT EXISTS `jos_hostServicio` (
  `Id` int(11) NOT NULL AUTO_INCREMENT,
  `IdHost` int(3) NOT NULL,
  `IdServicio` int(3) NOT NULL,
  PRIMARY KEY (`Id`)
) ENGINE=MyISAM  DEFAULT CHARSET=utf8 COLLATE=utf8_spanish_ci AUTO_INCREMENT=8 ;

</query>
<query>

CREATE TABLE IF NOT EXISTS `jos_relacionados` (
  `IdRelacionados` int(11) NOT NULL AUTO_INCREMENT,
  `Id_Serv_A` int(3) NOT NULL,
  `Id_Serv_B` int(3) NOT NULL,
  `Relacion_es` int(50) NOT NULL,
  `Relacion_val` int(50) NOT NULL,
  `se_relaciona_con` int(4) NOT NULL,
  PRIMARY KEY (`IdRelacionados`)
) ENGINE=MyISAM  DEFAULT CHARSET=utf8 COLLATE=utf8_spanish_ci AUTO_INCREMENT=3 ;
</query>
<query>

CREATE TABLE IF NOT EXISTS `jos_responsableServicio` (
  `IdResponsableServicio` int(11) NOT NULL AUTO_INCREMENT,
  `IdResponsable` int(3) NOT NULL,
  `IdServicio` int(3) NOT NULL,
  `Orden` int(3) NOT NULL,
  PRIMARY KEY (`IdResponsableServicio`)
) ENGINE=MyISAM  DEFAULT CHARSET=utf8 COLLATE=utf8_spanish_ci AUTO_INCREMENT=6 ;
</query>
<query>

CREATE TABLE IF NOT EXISTS `jos_responsable` (
  `id` int(3) NOT NULL AUTO_INCREMENT,
  `nombre` varchar(50) CHARACTER SET latin1 NOT NULL,
  `email` varchar(50) CHARACTER SET latin1 DEFAULT NULL,
  `telefono` int(9) DEFAULT NULL,
  `extension` int(4) DEFAULT NULL,
  PRIMARY KEY (`id`)
) ENGINE=MyISAM  DEFAULT CHARSET=utf8 COLLATE=utf8_spanish_ci AUTO_INCREMENT=8 ;

</query>
<query>

CREATE TABLE IF NOT EXISTS `jos_servicios` (
  `id` int(3) NOT NULL AUTO_INCREMENT,
  `nombre_es` varchar(50) COLLATE utf8_spanish_ci DEFAULT NULL,
  `nombre_val` varchar(50) COLLATE utf8_spanish_ci DEFAULT NULL,
  `idCategoria` int(3) NOT NULL,
  `descripcion_es` text COLLATE utf8_spanish_ci,
  `intro_desc_es` varchar(250) COLLATE utf8_spanish_ci NOT NULL,
  `intro_desc_val` varchar(250) COLLATE utf8_spanish_ci NOT NULL,
  `descripcion_val` text COLLATE utf8_spanish_ci,
  `version` int(3) DEFAULT NULL,
  `disponibilidad` int(1) DEFAULT NULL,
  `activo` tinyint(1) DEFAULT NULL,
  `published` int(1) DEFAULT NULL,
  `se_relaciona_con` int(4) DEFAULT NULL,
  `depende_de` int(4) DEFAULT NULL,
  `creador_id` int(3) NOT NULL,
  `ordering` int(11) NOT NULL,
  `image_url` text COLLATE utf8_spanish_ci NOT NULL,
  `files_url` text COLLATE utf8_spanish_ci NOT NULL,
  PRIMARY KEY (`id`)
) ENGINE=MyISAM  DEFAULT CHARSET=utf8 COLLATE=utf8_spanish_ci AUTO_INCREMENT=14 ;
</query>
<query>

CREATE TABLE IF NOT EXISTS `jos_software` (
  `Id` int(3) NOT NULL AUTO_INCREMENT,
  `Nombre` varchar(50) COLLATE utf8_spanish_ci NOT NULL,
  PRIMARY KEY (`Id`)
) ENGINE=MyISAM  DEFAULT CHARSET=utf8 COLLATE=utf8_spanish_ci AUTO_INCREMENT=5 ;

</query>
<query>

CREATE TABLE IF NOT EXISTS `jos_softwareServicio` (
  `IdSoftware` int(11) NOT NULL AUTO_INCREMENT,
  `IdSw` int(3) NOT NULL,
  `IdServicio` int(3) NOT NULL,
  PRIMARY KEY (`IdSoftware`),
  UNIQUE KEY `IdSw` (`IdSw`,`IdServicio`)
) ENGINE=MyISAM  DEFAULT CHARSET=utf8 COLLATE=utf8_spanish_ci AUTO_INCREMENT=4 ;

</query>
<query>

CREATE TABLE IF NOT EXISTS `jos_tiposDoc` (
  `Id` int(3) NOT NULL AUTO_INCREMENT,
  `Descripcion_es` varchar(50) COLLATE utf8_spanish_ci NOT NULL,
  `Descripcion_val` varchar(50) COLLATE utf8_spanish_ci NOT NULL,
  PRIMARY KEY (`Id`)
) ENGINE=MyISAM DEFAULT CHARSET=utf8 COLLATE=utf8_spanish_ci AUTO_INCREMENT=1 ;
				
            </query>			
        </queries>
    </install>
    <uninstall>
        <queries>
            <query>
                DROP TABLE IF EXISTS `#__avisos`;
            </query>
					<query>
                DROP TABLE IF EXISTS `#__categorias`;
            </query>
					<query>
                DROP TABLE IF EXISTS `#__dependencias`;
            </query>
					<query>
                DROP TABLE IF EXISTS `#__documentosAsociados`;
            </query>
	    	    			<query>
                DROP TABLE IF EXISTS `#__hardware`;
            </query>
	    	    			<query>
                DROP TABLE IF EXISTS `#__hardwareServicio`;
            </query>
	    	    			<query>
                DROP TABLE IF EXISTS `#__host`;
            </query>
	    	    			<query>
                DROP TABLE IF EXISTS `#__hostServicio`;
            </query>
	    	    	    		<query>
                DROP TABLE IF EXISTS `#__relacionados`;
            </query>
	    	    	    		<query>
                DROP TABLE IF EXISTS `#__resonsableServicio`;
            </query>
	    	    	    		<query>
                DROP TABLE IF EXISTS `#__responsable`;
            </query>
	    	    	    	    	<query>
                DROP TABLE IF EXISTS `#__servicios`;
            </query>
	    	    	    	    	<query>
                DROP TABLE IF EXISTS `#__software`;
            </query>
					<query>
                DROP TABLE IF EXISTS `#__softwareServicio`;
            </query>
					<query>
                DROP TABLE IF EXISTS `#__tiposDoc`;
            </query>	    
	    
        </queries>
    </uninstall>
</install>

